payment_type,orders,payment_records,revenue,avg_installments,avg_payment,revenue_share
credit_card,76505,76795,12542084.19,3.507155413763917,163.31902063936454,0.7834458352834917
boleto,19784,19784,2869361.27,1.0,145.03443540234534,0.17923569183960728
voucher,3866,5775,379436.87,1.0,65.70335411255411,0.023701661625866
debit_card,1528,1529,217989.79,1.0,142.57017004578157,0.01361681125103522
not_defined,3,3,0.0,1.0,0.0,0.0
